,tp,fp,fn,precision,recall,f1
compound_id,16,3,199,0.8421052631578947,0.07441860465116279,0.13675213675213674
smiles,0,19,215,0.0,0.0,0.0
target_type,14,5,201,0.7368421052631579,0.06511627906976744,0.11965811965811965
target_relation,5,14,210,0.2631578947368421,0.023255813953488372,0.042735042735042736
target_value,19,0,196,1.0,0.08837209302325581,0.16239316239316237
target_units,0,19,215,0.0,0.0,0.0
bacteria,15,4,200,0.7894736842105263,0.06976744186046512,0.1282051282051282
