,tp,fp,fn,precision,recall,f1
name_cocrystal,8,3,3,0.7272727272727273,0.7272727272727273,0.7272727272727273
ratio_cocrystal,11,0,0,1.0,1.0,1.0
name_drug,5,6,6,0.45454545454545453,0.45454545454545453,0.45454545454545453
SMILES_drug,8,3,3,0.7272727272727273,0.7272727272727273,0.7272727272727273
name_coformer,3,8,8,0.2727272727272727,0.2727272727272727,0.2727272727272727
SMILES_coformer,8,3,3,0.7272727272727273,0.7272727272727273,0.7272727272727273
photostability_change,0,11,11,0.0,0.0,0.0
