,tp,fp,fn,precision,recall,f1
compound_id,4,25,148,0.13793103448275862,0.02631578947368421,0.04419889502762431
smiles,0,29,152,0.0,0.0,0.0
target_type,16,13,136,0.5517241379310345,0.10526315789473684,0.17679558011049723
target_relation,0,29,152,0.0,0.0,0.0
target_value,1,28,151,0.034482758620689655,0.006578947368421052,0.011049723756906077
target_units,0,29,152,0.0,0.0,0.0
bacteria,0,29,152,0.0,0.0,0.0
