,tp,fp,fn,precision,recall,f1
compound_id,0,22,448,0.0,0.0,0.0
compound_name,0,22,448,0.0,0.0,0.0
SMILES,0,22,448,0.0,0.0,0.0
SMILES_type,2,20,446,0.09090909090909091,0.004464285714285714,0.00851063829787234
target,0,22,448,0.0,0.0,0.0
